{
  "norm_stats": {
    "state": {
      "mean": [
        0.013692393898963928,
        0.2396463304758072,
        -0.01454175915569067,
        -2.0273096561431885,
        -0.0337434858083725,
        2.32415509223938,
        0.08565786480903625,
        0.36079657077789307
      ],
      "std": [
        0.3241853415966034,
        0.5154737830162048,
        0.28981053829193115,
        0.5020002722740173,
        0.533604085445404,
        0.4688490033149719,
        0.7456821799278259,
        0.4032192826271057
      ],
      "q01": [
        -0.9221382737159729,
        -0.8862062096595764,
        -0.9310232996940613,
        -2.7738516330718994,
        -1.838613748550415,
        1.1737768650054932,
        -2.0712437629699707,
        -9.999999960041972e-13
      ],
      "q99": [
        0.9755991101264954,
        1.4447072744369507,
        0.83045494556427,
        -0.44492989778518677,
        1.7236708402633667,
        3.5153815746307373,
        2.2370171546936035,
        0.990966796875
      ],
      "num_transitions": 27676839,
      "num_trajectories": 95658,
      "min": [
        -2.672288417816162,
        -1.6589547395706177,
        -2.6781487464904785,
        -2.9409868717193604,
        -2.6705946922302246,
        0.23991677165031433,
        -3.01689076423645,
        0.0
      ],
      "max": [
        2.677424192428589,
        1.5840554237365723,
        2.666306734085083,
        -0.29779934883117676,
        2.6624162197113037,
        4.309162616729736,
        2.755643367767334,
        1.0
      ]
    },
    "actions": {
      "mean": [
        -0.004479393362998962,
        0.01930522359907627,
        0.0021408540196716785,
        0.032767754048109055,
        0.0011896307114511728,
        0.0005042374832555652,
        0.0030101423617452383,
        0.401957631111145
      ],
      "std": [
        0.15206225216388702,
        0.2931722402572632,
        0.1480381339788437,
        0.28886479139328003,
        0.21606239676475525,
        0.23718953132629395,
        0.25716277956962585,
        0.4383404552936554
      ],
      "q01": [
        -0.45263671875,
        -0.79296875,
        -0.435546875,
        -0.9013671875,
        -0.62158203125,
        -0.62548828125,
        -0.74169921875,
        -9.999999960041972e-13
      ],
      "q99": [
        0.43603515625,
        0.7744140625,
        0.4453125,
        0.80224609375,
        0.6259765625,
        0.666015625,
        0.71728515625,
        0.999755859375
      ],
      "num_transitions": 27676839,
      "num_trajectories": 95658,
      "min": [
        -1.0,
        -1.0,
        -1.0,
        -1.0,
        -1.0,
        -1.0,
        -1.0,
        0.0
      ],
      "max": [
        1.0,
        1.0,
        1.0,
        1.0,
        1.0,
        1.0,
        1.0,
        1.0
      ]
    }
  }
}